train_loss,epoch,step
46165.0234375,0,49
43015.4296875,0,99
40359.1796875,0,149
37715.14453125,0,199
35090.83203125,0,249
32476.048828125,0,299
30106.4921875,0,349
27515.66796875,0,399
25182.6875,0,449
22686.646484375,0,499
20450.0078125,0,549
17853.986328125,0,599
15567.4482421875,0,649
