train_loss,epoch,step
45874.234375,0,49
43063.90625,0,99
40398.13671875,0,149
37784.75390625,0,199
35194.515625,0,249
32672.529296875,0,299
29974.740234375,0,349
27474.98046875,0,399
25308.283203125,0,449
22536.51953125,0,499
20219.650390625,0,549
17758.404296875,0,599
15390.29296875,0,649
13087.2978515625,0,699
10612.7939453125,0,749
8316.95703125,0,799
6183.40283203125,0,849
3584.180908203125,0,899
